מספר שורה,קטגוריה,קטגוריה (אנגלית),מזהה שאלה,שאלה בעברית,שאלה באנגלית
1,"אבחון דופק ולשון","Pulse & Tongue Diagnosis","pale_swollen_tongue","מה המשמעות הקלינית של לשון חיוורת ונפוחה עם סימני שיניים?","What is the clinical significance of a pale, swollen tongue with teeth marks?"
2,"אבחון דופק ולשון","Pulse & Tongue Diagnosis","yellow_thick_coating","על מה מעיד חיפוי לשון צהוב ועבה במחמם האמצעי?","What does a thick yellow tongue coating in the Middle Jiao indicate?"
3,"אבחון דופק ולשון","Pulse & Tongue Diagnosis","wiry_pulse","כיצד מתואר דופק ""מיתרי"" (Wiry) ומה הוא מסמל?","How is a ""Wiry"" pulse described and what does it signify?"
4,"אבחון דופק ולשון","Pulse & Tongue Diagnosis","purple_vs_crimson","מה ההבדל באבחנה בין לשון סגולה (Purple) לבין לשון אדומה כהה (Crimson)?","What is the diagnostic difference between a Purple tongue and a Crimson tongue?"
5,"אבחון דופק ולשון","Pulse & Tongue Diagnosis","central_crack","מהי המשמעות של חריץ מרכזי המגיע עד קצה הלשון?","What is the significance of a central crack extending to the tip of the tongue?"
6,"אבחון דופק ולשון","Pulse & Tongue Diagnosis","slippery_pulse_phlegm","כיצד נזהה דופק ""מתגלגל"" (Slippery) ומה הקשר שלו לליחה?","How do we identify a ""Slippery"" pulse and what is its connection to phlegm?"
7,"אבחון דופק ולשון","Pulse & Tongue Diagnosis","red_tip_points","מה מעיד קצה לשון אדום מאוד עם נקודות אדומות (Red Points)?","What does a very red tongue tip with red points indicate?"
8,"אבחון דופק ולשון","Pulse & Tongue Diagnosis","floating_vs_deep","מהי האינדיקציה של דופק ""צף"" (Floating) לעומת דופק ""שוקע"" (Deep)?","What is the indication of a ""Floating"" pulse versus a ""Deep"" pulse?"
9,"אבחון דופק ולשון","Pulse & Tongue Diagnosis","peeled_coating","מה מסמל חיפוי לשון ""מקורף"" (Peeled) או גאוגרפי?","What does a ""Peeled"" or geographic tongue coating signify?"
10,"אבחון דופק ולשון","Pulse & Tongue Diagnosis","yin_def_tongue","כיצד מתבטא חוסר יין (Yin Def) במראה הלשון?","How does Yin Deficiency manifest in the tongue appearance?"
11,"אבחון דופק ולשון","Pulse & Tongue Diagnosis","thin_vs_weak_pulse","מה ההבדל בין דופק ""דק"" (Thin/Fine) לדופק ""חלש"" (Weak)?","What is the difference between a ""Thin/Fine"" pulse and a ""Weak"" pulse?"
12,"אבחון דופק ולשון","Pulse & Tongue Diagnosis","sublingual_veins","האם ורידים תת-לשוניים (Sublingual) כהים מוזכרים, ומה משמעותם?","Are dark sublingual veins mentioned, and what is their significance?"
13,"אבחון דופק ולשון","Pulse & Tongue Diagnosis","quivering_tongue","מה המשמעות של לשון רועדת (Quivering) אצל מטופל מבוגר?","What is the significance of a quivering tongue in an elderly patient?"
14,"אבחון דופק ולשון","Pulse & Tongue Diagnosis","damp_heat_coating","כיצד נראה חיפוי של ""לחות-חמה"" (Damp-Heat) על הלשון?","How does a ""Damp-Heat"" coating appear on the tongue?"
15,"אבחון דופק ולשון","Pulse & Tongue Diagnosis","rapid_vs_racing","מה ההבדל בין דופק מהיר (Rapid) לדופק דהור (Racing/Hurried)?","What is the difference between a Rapid pulse and a Racing/Hurried pulse?"
16,"אריכות ימים ואיכות חיים","Longevity & Dignity","chief_complaint","במשפט אחד, מהו הקושי הבריאותי העיקרי שמפריע לאיכות החיים שלך כיום?","In one sentence, what is the main health difficulty affecting your quality of life today?"
17,"אריכות ימים ואיכות חיים","Longevity & Dignity","digestion_lower","האם היציאות שלך סדירות, או שאת/ה סובל/ת מעצירות כרונית או משלשולים תכופים?","Are your bowel movements regular, or do you suffer from chronic constipation or frequent diarrhea?"
18,"אריכות ימים ואיכות חיים","Longevity & Dignity","digestion_upper","האם את/ה סובל/ת מצרבות, תחושת ""שריפה"" בחזה, או חוסר נוחות בבטן העליונה לאחר האוכל?","Do you suffer from heartburn, burning sensation in chest, or upper abdominal discomfort after eating?"
19,"אריכות ימים ואיכות חיים","Longevity & Dignity","nutrition","האם יש לך תיאבון בריא ואת/ה מצליח/ה לשמור על משקל יציב, או שיש ירידה במשקל ובחשק לאכול?","Do you have a healthy appetite and maintain stable weight, or is there weight loss and decreased desire to eat?"
20,"אריכות ימים ואיכות חיים","Longevity & Dignity","breath","האם את/ה חווה קוצר נשימה או התעייפות מהירה גם במאמץ קל?","Do you experience shortness of breath or quick fatigue even with mild exertion?"
21,"אריכות ימים ואיכות חיים","Longevity & Dignity","sleep","האם שנת הלילה שלך שקטה, או שאת/ה מתעורר/ת לעיתים קרובות?","Is your night sleep peaceful, or do you wake up frequently?"
22,"אריכות ימים ואיכות חיים","Longevity & Dignity","balance","האם את/ה מרגיש/ה לעיתים סחרחורת, חוסר יציבות בהליכה, או חשש מנפילה?","Do you sometimes feel dizziness, unsteady walking, or fear of falling?"
23,"אריכות ימים ואיכות חיים","Longevity & Dignity","pain","האם כאבים במפרקים או בגב מגבילים את התנועה שלך בבית או בחוץ?","Do joint pains or back pain limit your movement at home or outside?"
24,"אריכות ימים ואיכות חיים","Longevity & Dignity","circulation","האם את/ה סובל/ת מקור קיצוני בכפות הידיים והרגליים, או דווקא מגלי חום והזעה?","Do you suffer from extreme cold in hands and feet, or rather from hot flashes and sweating?"
25,"אריכות ימים ואיכות חיים","Longevity & Dignity","memory","האם את/ה או הקרובים אליך מבחינים בשינויים בזיכרון, בלבול, או קושי בריכוז לאחרונה?","Do you or those close to you notice changes in memory, confusion, or difficulty concentrating recently?"
26,"אריכות ימים ואיכות חיים","Longevity & Dignity","mood","האם מצב הרוח שלך יציב, או שאת/ה חווה תקופות של עצבות עמוקה, חרדה או תחושת בדידות?","Is your mood stable, or do you experience periods of deep sadness, anxiety, or loneliness?"
27,"אריכות ימים ואיכות חיים","Longevity & Dignity","urinary","האם את/ה נתקל/ת בקושי לשלוט בשתן, או בקושי להתחיל במתן שתן?","Do you have difficulty controlling urine, or difficulty starting urination?"
28,"אריכות ימים ואיכות חיים","Longevity & Dignity","senses","האם חלה ירידה משמעותית בראייה או בשמיעה שמפריעה לך בתקשורת עם הסביבה?","Has there been significant decline in vision or hearing that interferes with communication?"
29,"אריכות ימים ואיכות חיים","Longevity & Dignity","medication","האם ריבוי התרופות גורם לך לתופעות לוואי במערכת העיכול?","Does polypharmacy cause digestive side effects?"
30,"אריכות ימים ואיכות חיים","Longevity & Dignity","the_goal","מהו הדבר החשוב לך ביותר לשמר בשנים הקרובות?","What is most important for you to preserve in the coming years?"
31,"איזון וחיזוק (מבוגרים)","Balance & Strength (Adults)","chief_complaint","במשפט אחד, מהו האתגר הבריאותי המרכזי שמונע ממך להרגיש במיטבך כיום?","What is the main health challenge preventing you from feeling your best today?"
32,"איזון וחיזוק (מבוגרים)","Balance & Strength (Adults)","stress_liver","כיצד את/ה חווה מתח בחיי היומיום? (התפרצויות כעס, תחושת תקיעות בגרון/חזה, חרדה)","How do you experience stress in daily life?"
33,"איזון וחיזוק (מבוגרים)","Balance & Strength (Adults)","womens_health","(לנשים) האם המחזור החודשי שלך סדיר? האם את סובלת מכאבים חזקים או PMS?","(For women) Is your menstrual cycle regular? Do you suffer from severe pain or PMS?"
34,"איזון וחיזוק (מבוגרים)","Balance & Strength (Adults)","digestion","האם את/ה סובל/ת מנפיחות בבטן, צרבות, IBS או עייפות בולטת לאחר ארוחות?","Do you suffer from bloating, heartburn, IBS, or noticeable fatigue after meals?"
35,"איזון וחיזוק (מבוגרים)","Balance & Strength (Adults)","sleep_quality","האם קשה לך להירדם בגלל ""ראש רץ"", או שאת/ה מתעורר/ת עייף/ה גם אחרי שנת לילה?","Is it hard to fall asleep due to racing thoughts, or do you wake up tired even after a full night's sleep?"
36,"איזון וחיזוק (מבוגרים)","Balance & Strength (Adults)","energy_levels","בסולם של 1-10, כמה אנרגיה יש לך באמצע היום? האם את/ה זקוק/ה לקפה כדי לתפקד?","On a scale of 1-10, how much energy do you have midday? Do you need coffee to keep functioning?"
37,"איזון וחיזוק (מבוגרים)","Balance & Strength (Adults)","headaches_tension","האם את/ה סובל/ת מכאבי ראש, מיגרנות, או מתח כרוני באזור הכתפיים והצוואר?","Do you suffer from headaches, migraines, or chronic tension in shoulders and neck?"
38,"איזון וחיזוק (מבוגרים)","Balance & Strength (Adults)","pain_injury","האם יש לך פציעות ספורט ישנות שחוזרות להציק, או כאבי גב תחתון?","Do you have old sports injuries that keep recurring, or lower back pain?"
39,"איזון וחיזוק (מבוגרים)","Balance & Strength (Adults)","temperature","האם הידיים והרגליים שלך נוטות להיות קרות תמיד, או שאת/ה סובל/ת מחום והזעת יתר?","Are your hands and feet always cold, or do you suffer from heat and excessive sweating?"
40,"איזון וחיזוק (מבוגרים)","Balance & Strength (Adults)","immunity","האם את/ה נוטה לחלות לעיתים קרובות, או סובל/ת מאלרגיות עונתיות וסינוסיטיס?","Do you tend to get sick often, or suffer from seasonal allergies and sinusitis?"
41,"איזון וחיזוק (מבוגרים)","Balance & Strength (Adults)","skin_health","האם העור שלך נוטה לאקנה, אדמומיות, פריחות או יובש קיצוני?","Does your skin tend toward acne, redness, rashes, or extreme dryness?"
42,"איזון וחיזוק (מבוגרים)","Balance & Strength (Adults)","focus_mind","האם את/ה חווה קושי להתרכז, ""ערפל מחשבתי"" או מוסחות דעת גבוהה?","Do you experience difficulty concentrating, brain fog, or high distractibility?"
43,"איזון וחיזוק (מבוגרים)","Balance & Strength (Adults)","lifestyle","האם אורח החיים שלך כולל ישיבה ממושכת, או פעילות גופנית אינטנסיבית מדי?","Does your lifestyle include prolonged sitting or too intense physical activity?"
44,"איזון וחיזוק (מבוגרים)","Balance & Strength (Adults)","cravings","האם יש לך חשקים עזים וספציפיים (מתוק, מלוח, שומני) כשאת/ה עייף/ה או לחוץ/ה?","Do you have intense specific cravings when tired or stressed?"
45,"איזון וחיזוק (מבוגרים)","Balance & Strength (Adults)","the_goal","אם הטיפול יצליח מעבר למצופה, איך ייראו החיים שלך בעוד 3 חודשים מהיום?","If treatment succeeds beyond expectations, how will your life look 3 months from now?"
46,"שיקום וטיפול בכאב","Pain Rehabilitation","injury_details","במשפט אחד, מהי הפציעה או הטראומה העיקרית שמביאה אותך לטיפול היום?","What is the main injury or trauma that brings you to treatment today?"
47,"שיקום וטיפול בכאב","Pain Rehabilitation","pain_quality","כיצד היית מתאר/ת את הכאב? האם הוא חד ודוקר, עמום ולוחץ, או שורף?","How would you describe the pain? Is it sharp and stabbing, dull and pressing, or burning?"
48,"שיקום וטיפול בכאב","Pain Rehabilitation","night_pain","האם הכאב מחמיר באופן משמעותי בלילה, או אפילו מעיר אותך משינה?","Does the pain significantly worsen at night, or even wake you from sleep?"
49,"שיקום וטיפול בכאב","Pain Rehabilitation","weather","האם את/ה מרגיש/ה החמרה בכאב או בנוקשות כשמזג האוויר משתנה?","Do you feel worsening pain or stiffness when the weather changes?"
50,"שיקום וטיפול בכאב","Pain Rehabilitation","swelling","האם יש נפיחות נראית לעין, בצקת או תחושת ""מלאות"" באזור הפגוע?","Is there visible swelling, edema, or a feeling of ""fullness"" in the affected area?"
51,"שיקום וטיפול בכאב","Pain Rehabilitation","movement","האם הכאב מחמיר בתחילת תנועה ומשתפר לאחר ""חימום"", או שהוא מחמיר ככל שאת/ה פעיל/ה יותר?","Does the pain worsen at the start of movement and improve after warming up?"
52,"שיקום וטיפול בכאב","Pain Rehabilitation","stiffness","האם את/ה סובל/ת מנוקשות שמגבילה את טווח התנועה?","Do you suffer from stiffness that limits your range of motion?"
53,"שיקום וטיפול בכאב","Pain Rehabilitation","temperature","האם המקום הפגוע מרגיש חם למגע ואדום, או קר ונוטה להכחיל?","Does the affected area feel hot to the touch and red, or cold and tends to turn blue?"
54,"שיקום וטיפול בכאב","Pain Rehabilitation","nerve_pain","האם יש תחושת נימול, הירדמות, או זרמים חשמליים המקרינים מהאזור הפגוע לגפיים?","Is there numbness, tingling, or electrical currents radiating from the affected area?"
55,"שיקום וטיפול בכאב","Pain Rehabilitation","posture","האם הכאב קשור לתנוחת עבודה (ישיבה ממושכת מול מחשב, עמידה על הרגליים)?","Is the pain related to work posture?"
56,"שיקום וטיפול בכאב","Pain Rehabilitation","stress_pain","האם הכאב מוחמר בתקופות של מתח רגשי או עומס נפשי?","Is the pain exacerbated during periods of emotional stress?"
57,"שיקום וטיפול בכאב","Pain Rehabilitation","history","האם הכאב הנוכחי קשור לטראומה ישנה (תאונת דרכים, נפילה מלפני שנים) שמעולם לא טופלה כראוי?","Is the current pain related to old trauma that was never properly treated?"
58,"שיקום וטיפול בכאב","Pain Rehabilitation","medications","אילו תרופות או משככי כאבים את/ה נוטל/ת באופן קבוע, ומה רמת ההקלה שהם מספקים?","What medications or painkillers do you take regularly, and how much relief do they provide?"
59,"שיקום וטיפול בכאב","Pain Rehabilitation","therapies_tried","אילו טיפולים ניסית בעבר לבעיה זו (פיזיותרפיה, כירופרקטיקה, הזרקות)?","What treatments have you tried in the past?"
60,"שיקום וטיפול בכאב","Pain Rehabilitation","goal","מהי הפעולה הספציפית שתרצה/י לחזור לעשות ללא כאב?","What is the specific action you would like to return to doing without pain?"
61,"בהירות וחוסן מנטלי","Mental Clarity & Resilience","focus","האם קשה לך להתרכז במשימה אחת לאורך זמן, או שדעתך מוסחת בקלות (תחושת ""ערפל"")?","Is it difficult for you to concentrate on one task for a long time?"
62,"בהירות וחוסן מנטלי","Mental Clarity & Resilience","memory","האם את/ה שם/ה לב לירידה בזיכרון לטווח קצר, או קושי לשלוף מילים?","Do you notice a decline in memory or difficulty retrieving words?"
63,"בהירות וחוסן מנטלי","Mental Clarity & Resilience","decisions","האם את/ה מתקשה לקבל החלטות, ולעיתים קרובות מרגיש/ה ""שיתוק"" מול אפשרויות?","Do you have difficulty making decisions, and often feel paralyzed when facing options?"
64,"בהירות וחוסן מנטלי","Mental Clarity & Resilience","overthinking","האם המחשבות שלך נוטות ""לרוץ במעגלים"" סביב אותו נושא, במיוחד לפני השינה?","Do your thoughts tend to run in circles around the same topic, especially before sleep?"
65,"בהירות וחוסן מנטלי","Mental Clarity & Resilience","burnout","האם את/ה חווה תשישות מנטלית, כאילו המוח ""מלא"" ולא מסוגל לקלוט מידע חדש?","Do you experience mental exhaustion, as if the brain is full and unable to absorb new information?"
66,"בהירות וחוסן מנטלי","Mental Clarity & Resilience","pressure","כיצד את/ה מגיב/ה לדד-ליין או ללחץ? האם את/ה נכנס/ת לחרדה וקיפאון, או פועל/ת?","How do you respond to deadlines or pressure? Do you get anxious and freeze, or take action?"
67,"בהירות וחוסן מנטלי","Mental Clarity & Resilience","motivation","האם יש לך רעיונות ורצונות, אך חסר לך ה""דרייב"" (הכוח המניע) כדי להתחיל ולבצע?","Do you have ideas and desires, but lack the drive to start and execute?"
68,"בהירות וחוסן מנטלי","Mental Clarity & Resilience","creativity","האם את/ה מרגיש/ה חסום/ה יצירתית, ללא השראה או ""זרימה""?","Do you feel creatively blocked, without inspiration or flow?"
69,"בהירות וחוסן מנטלי","Mental Clarity & Resilience","sensitivity","האם את/ה רגיש/ה מאוד לרעשים חזקים, המונים, או למצבי רוח של אנשים אחרים?","Are you very sensitive to loud noises, crowds, or the moods of other people?"
70,"בהירות וחוסן מנטלי","Mental Clarity & Resilience","irritability","האם את/ה מאבד/ת סבלנות מהר או מתרגז/ת בקלות כשדברים לא מסתדרים?","Do you lose patience quickly or get easily irritated when things do not work out?"
71,"בהירות וחוסן מנטלי","Mental Clarity & Resilience","confidence","האם את/ה חווה ספק עצמי לעיתים קרובות, או תחושה שאת/ה ""לא מספיק טוב/ה""?","Do you often experience self-doubt, or a feeling that you are not good enough?"
72,"בהירות וחוסן מנטלי","Mental Clarity & Resilience","clarity","האם בבוקר המוח שלך צלול, או שאת/ה מתעורר/ת עם תחושת כבדות וערפל?","Is your mind clear in the morning, or do you wake up with a feeling of heaviness and fog?"
73,"בהירות וחוסן מנטלי","Mental Clarity & Resilience","adaptability","האם קשה לך להתמודד עם שינויים בלתי צפויים בתוכניות?","Is it difficult for you to cope with unexpected changes in plans?"
74,"בהירות וחוסן מנטלי","Mental Clarity & Resilience","social_battery","האם אינטראקציה חברתית ממושכת מרוקנת אותך מאנרגיה מנטלית?","Does prolonged social interaction drain you of mental energy?"
75,"בהירות וחוסן מנטלי","Mental Clarity & Resilience","goal","מהו הכוח המנטלי שהכי היית רוצה לחזק? (מיקוד, רוגע, זיכרון, או ביטחון עצמי)","What mental strength would you most like to strengthen?"
76,"בקרת אקלים פנימית","Internal Climate Control","1","האם את/ה מרגיש/ה שינויים פיזיים בגוף (כאבי ראש, מפרקים, עייפות) עוד לפני שמזג האוויר משתנה בחוץ?","Do you feel physical changes in your body before the weather changes outside?"
77,"בקרת אקלים פנימית","Internal Climate Control","2","האם את/ה סובל/ת יותר בחום הקיץ או בקור החורף?","Do you suffer more in summer heat or winter cold?"
78,"בקרת אקלים פנימית","Internal Climate Control","3","בימים לחים ודביקים, האם את/ה מרגיש/ה תחושת ""משקולת"" על הגוף, נפיחות או ערפל מחשבתי?","On humid days, do you feel heaviness, bloating, or brain fog?"
79,"בקרת אקלים פנימית","Internal Climate Control","4","האם חשיפה לרוח חזקה או למזגן ישיר גורמת לך לכאבי ראש, צוואר תפוס או צינון מיידי?","Does exposure to strong wind or direct AC cause headaches or stiff neck?"
80,"בקרת אקלים פנימית","Internal Climate Control","5","האם את/ה נוטה לסבול מיובש קיצוני (עור סדוק, צמא תמידי, שיעול יבש) בסביבות ממוזגות?","Do you suffer from extreme dryness in air-conditioned environments?"
81,"בקרת אקלים פנימית","Internal Climate Control","6","האם כאבי הראש שלך מופיעים בעיקר כשחם מאוד או כשיש לחץ ברומטרי נמוך/סופות?","Do your headaches appear mainly in hot weather or during storms?"
82,"בקרת אקלים פנימית","Internal Climate Control","7","האם את/ה חווה קשיי נשימה או החמרה באלרגיות בעונות מעבר?","Do you experience breathing difficulties during seasonal transitions?"
83,"בקרת אקלים פנימית","Internal Climate Control","8","האם המפרקים שלך ""נוקשים"" וכואבים יותר בימים גשומים וקרים?","Are your joints stiffer and more painful on cold, rainy days?"
84,"בקרת אקלים פנימית","Internal Climate Control","9","האם את/ה סובל/ת משלשולים או חוסר נוחות בבטן בקיץ או מכאבי בטן בחורף?","Do you suffer from digestive issues that change with seasons?"
85,"בקרת אקלים פנימית","Internal Climate Control","10","האם העור שלך מגיב בפריחות מגרדות בחום או באקזמה וסדקים בקור?","Does your skin react with rashes in heat or eczema in cold?"
86,"בקרת אקלים פנימית","Internal Climate Control","11","האם את/ה מתקשה להתעורר או לתפקד בימים אפורים וחסרי שמש?","Do you have difficulty functioning on gray, sunless days?"
87,"בקרת אקלים פנימית","Internal Climate Control","12","האם את/ה מרגיש/ה מיובש/ת באופן כרוני למרות שתייה מרובה, או שאת/ה צובר/ת נוזלים בקלות?","Do you feel chronically dehydrated or easily retain fluids?"
88,"בקרת אקלים פנימית","Internal Climate Control","13","האם השינה שלך מופרעת יותר בלילות חמים או שאת/ה מתעורר/ת מקור?","Is your sleep more disturbed on hot nights or do you wake from cold?"
89,"בקרת אקלים פנימית","Internal Climate Control","14","כשאת/ה טס/ה או משנה סביבה גיאוגרפית, האם לוקח לגוף שלך זמן רב ""להתאפס""?","Does it take a long time for your body to adjust to new environments?"
90,"בקרת אקלים פנימית","Internal Climate Control","15","אם הטיפול יכול לעזור לך להתמודד עם עונה אחת בלבד בצורה מושלמת – איזו עונה הכי קשה לך כיום?","Which season is most difficult for you currently?"
91,"חיוניות ואריכות ימים","Vitality & Longevity","1","האם את/ה מרגיש/ה שהאנרגיה שלך נגמרת בשעות הצהריים, או שיש לך כוח יציב לאורך כל היום?","Does your energy run out midday, or do you have stable strength all day?"
92,"חיוניות ואריכות ימים","Vitality & Longevity","2","האם את/ה מתעורר/ת מספר פעמים בלילה, או מתקשה לחזור לישון לפנות בוקר?","Do you wake up multiple times at night or have difficulty returning to sleep?"
93,"חיוניות ואריכות ימים","Vitality & Longevity","3","האם חל שינוי בתחושת הטמפרטורה שלך לאחרונה – גלי חום פתאומיים, או תחושת קור עמוקה?","Have you noticed temperature changes - hot flashes or deep cold?"
94,"חיוניות ואריכות ימים","Vitality & Longevity","4","האם את/ה מרגיש/ה ירידה בחדות הזיכרון לטווח קצר, או קושי לשלוף מילים?","Do you feel a decline in short-term memory or difficulty retrieving words?"
95,"חיוניות ואריכות ימים","Vitality & Longevity","5","כשאת/ה חולה או מבצע/ת מאמץ פיזי, האם לגוף לוקח זמן רב יותר לחזור לעצמו?","Does your body take longer to recover from illness or physical exertion?"
96,"חיוניות ואריכות ימים","Vitality & Longevity","6","האם את/ה סובל/ת מנוקשות בוקר במפרקים שמשתחררת רק אחרי תנועה וחימום?","Do you suffer from morning stiffness in joints that releases after movement?"
97,"חיוניות ואריכות ימים","Vitality & Longevity","7","האם את/ה סובל/ת לעיתים מסחרחורות, טינטון או תחושת ""לחץ"" וכבדות בראש?","Do you sometimes suffer from dizziness, tinnitus, or feeling of pressure in the head?"
98,"חיוניות ואריכות ימים","Vitality & Longevity","8","האם יש תחושת כבדות או נפיחות בבטן גם אחרי ארוחות קטנות וקלות?","Do you feel heaviness or bloating even after small meals?"
99,"חיוניות ואריכות ימים","Vitality & Longevity","9","האם את/ה מרגיש/ה נימול או הירדמות של הגפיים בזמן מנוחה או בשינה?","Do you feel numbness or tingling in limbs during rest or sleep?"
100,"חיוניות ואריכות ימים","Vitality & Longevity","10","האם ישנו כאב קבוע המלווה אותך ומחמיר במזג אוויר קר או לח?","Is there chronic pain that worsens in cold or damp weather?"
101,"חיוניות ואריכות ימים","Vitality & Longevity","11","האם השינויים בחיים (ילדים עוזבים, פרישה) מעוררים בך תחושת חופש ושמחה, או ריקנות וחרדה?","Do life changes evoke feelings of freedom or emptiness and anxiety?"
102,"חיוניות ואריכות ימים","Vitality & Longevity","12","האם את/ה מוצא/ת את עצמך חסר/ת סבלנות או נוטה למצבי רוח דכדוכיים?","Do you find yourself more impatient or prone to depressive moods?"
103,"חיוניות ואריכות ימים","Vitality & Longevity","13","האם את/ה נוטל/ת מספר תרופות מרשם באופן קבוע?","Do you take multiple prescription medications regularly?"
104,"חיוניות ואריכות ימים","Vitality & Longevity","14","האם את/ה סובל/ת מיובש טורדני – בעיניים, בפה, בעור או בריריות?","Do you suffer from bothersome dryness in eyes, mouth, skin, or mucous membranes?"
105,"חיוניות ואריכות ימים","Vitality & Longevity","15","מהו הדבר האחד שתרצה/י להמשיך לעשות ב-10 השנים הבאות ללא הגבלה?","What is the one thing you want to continue doing in the next 10 years without limitation?"
106,"חוסן חיסוני והתאוששות","Immune Shield & Recovery","illness_frequency","באיזו תדירות את/ה חולה במהלך השנה? האם את/ה מרגיש/ה שאת/ה ""תופס/ת"" כל וירוס?","How often do you get sick during the year?"
107,"חוסן חיסוני והתאוששות","Immune Shield & Recovery","response_to_symptoms","כשאת/ה מרגיש/ה סימנים ראשונים של מחלה, האם את/ה עוצר/ת ונח/ה, או ממשיך/ה בשגרה?","When you feel first signs of illness, do you rest or continue as usual?"
108,"חוסן חיסוני והתאוששות","Immune Shield & Recovery","recovery_speed","כאשר את/ה חולה, כמה זמן לוקח לך להחלים לחלוטין ולחזור לאנרגיה מלאה?","When sick, how long does it take you to fully recover?"
109,"חוסן חיסוני והתאוששות","Immune Shield & Recovery","exposure","האם את/ה חשוף/ה באופן קבוע לאנשים חולים (עבודה בבית ספר, בית חולים)?","Are you regularly exposed to sick people?"
110,"חוסן חיסוני והתאוששות","Immune Shield & Recovery","temperature","האם את/ה נוטה לסבול מקור, במיוחד בידיים וברגליים, או צמרמורות בקלות?","Do you tend to suffer from cold, especially in hands and feet?"
111,"חוסן חיסוני והתאוששות","Immune Shield & Recovery","sleep_immunity","האם את/ה שם/ה לב שחוסר שינה או תקופות עמוסות מובילים כמעט מייד למחלה?","Do you notice that lack of sleep leads almost immediately to illness?"
112,"חוסן חיסוני והתאוששות","Immune Shield & Recovery","exercise","האם את/ה נוטה לחזור לפעילות גופנית מאומצת מיד כשאת/ה מרגיש/ה מעט יותר טוב?","Do you return to strenuous exercise immediately when feeling better?"
113,"חוסן חיסוני והתאוששות","Immune Shield & Recovery","morning_symptoms","האם את/ה מתעורר/ת בבוקר עם גודש באף, ליחה בגרון או התעטשויות?","Do you wake up with nasal congestion, phlegm, or sneezing?"
114,"חוסן חיסוני והתאוששות","Immune Shield & Recovery","digestion","האם שינויים בתזונה (סוכר או מוצרי חלב) משפיעים לרעה על מערכת הנשימה שלך?","Do dietary changes negatively affect your respiratory system?"
115,"חוסן חיסוני והתאוששות","Immune Shield & Recovery","stress_pattern","האם את/ה חולה לעיתים קרובות דווקא בסופי שבוע או בחופשות (כשמפלס הלחץ יורד)?","Do you often get sick on weekends or vacations?"
116,"חוסן חיסוני והתאוששות","Immune Shield & Recovery","chronic_cough","האם יש לך נטייה לשיעול מתמשך שנשאר שבועות אחרי שהצינון חלף?","Do you tend to have a persistent cough after a cold?"
117,"חוסן חיסוני והתאוששות","Immune Shield & Recovery","household","האם יש ילדים קטנים בבית ש""מביאים"" וירוסים מהגן/בית ספר באופן קבוע?","Are there young children at home who bring viruses regularly?"
118,"חוסן חיסוני והתאוששות","Immune Shield & Recovery","hydration","האם את/ה מקפיד/ה על שתייה מספקת במהלך היום, או שאת/ה נוטה לשכוח לשתות?","Do you make sure to drink enough during the day?"
119,"חוסן חיסוני והתאוששות","Immune Shield & Recovery","seasons","האם יש עונה מסוימת בשנה שבה הבריאות שלך תמיד מתערערת?","Is there a specific season when your health always deteriorates?"
120,"חוסן חיסוני והתאוששות","Immune Shield & Recovery","goal","מהי המטרה העיקרית שלך בחיזוק המערכת החיסונית?","What is your main goal in strengthening your immune system?"
121,"הזנת החיים (תזונה)","Nourishing Life (Nutrition)","challenge","במשפט אחד, מהו האתגר התזונתי הגדול ביותר שלך כיום?","What is your biggest nutritional challenge today?"
122,"הזנת החיים (תזונה)","Nourishing Life (Nutrition)","breakfast","האם את/ה אוכל/ת ארוחת בוקר? אם כן, האם היא חמה או קרה?","Do you eat breakfast? Is it warm or cold?"
123,"הזנת החיים (תזונה)","Nourishing Life (Nutrition)","timing","האם את/ה נוהג/ת לאכול ארוחות כבדות בשעות המאוחרות של הלילה?","Do you tend to eat heavy meals late at night?"
124,"הזנת החיים (תזונה)","Nourishing Life (Nutrition)","temperature","מהי העדפת המזון שלך? מזון נא/קר או מזון מבושל וחם?","Do you mainly eat raw/cold food or cooked and warm food?"
125,"הזנת החיים (תזונה)","Nourishing Life (Nutrition)","energy_drop","האם את/ה מרגיש/ה ""צניחת אנרגיה"" וצורך לישון מיד לאחר האוכל?","Do you feel an energy drop and need to sleep immediately after eating?"
126,"הזנת החיים (תזונה)","Nourishing Life (Nutrition)","bloating","האם את/ה סובל/ת מנפיחות בבטן, גזים או תחושת ""בלון"" שמתגברת במהלך היום?","Do you suffer from bloating that intensifies during the day?"
127,"הזנת החיים (תזונה)","Nourishing Life (Nutrition)","hydration","האם את/ה מעדיף/ה לשתות מים קפואים/קרים מאוד, או משקאות חמים/פושרים?","Do you prefer icy water or warm/lukewarm drinks?"
128,"הזנת החיים (תזונה)","Nourishing Life (Nutrition)","sweet_cravings","האם יש לך צורך עז במתוקים או בפחמימות, במיוחד בשעות אחר הצהריים?","Do you have strong cravings for sweets or carbohydrates?"
129,"הזנת החיים (תזונה)","Nourishing Life (Nutrition)","salt_spice","האם את/ה מוצא/ת את עצמך ממליח/ה את האוכל בצורה מוגזמת, או מחפש/ת טעמים חריפים?","Do you over-salt food or seek spicy flavors?"
130,"הזנת החיים (תזונה)","Nourishing Life (Nutrition)","dairy","האם צריכת מוצרי חלב גורמת לך לליחה, נזלת או אי-נוחות בבטן?","Does dairy consumption cause mucus or abdominal discomfort?"
131,"הזנת החיים (תזונה)","Nourishing Life (Nutrition)","raw_veg","האם אכילת סלט גדול או ירקות חיים גורמת לך לכאבי בטן או ליציאות רכות?","Does eating raw vegetables cause stomach pain or loose stools?"
132,"הזנת החיים (תזונה)","Nourishing Life (Nutrition)","appetite","האם את/ה חווה רעב תמידי שלא יודע שובע, או חוסר תיאבון מוחלט?","Do you experience constant hunger or complete lack of appetite?"
133,"הזנת החיים (תזונה)","Nourishing Life (Nutrition)","emotions","האם את/ה נוטה לפנות לאוכל מנחם בזמנים של מתח, עצב או שעמום?","Do you turn to comfort eating during stress or boredom?"
134,"הזנת החיים (תזונה)","Nourishing Life (Nutrition)","caffeine","כמה כוסות קפה את/ה שותה ביום? האם את/ה מרגיש/ה שבלעדיו המערכת לא מתפקדת?","How many cups of coffee do you drink? Do you feel you can't function without it?"
135,"הזנת החיים (תזונה)","Nourishing Life (Nutrition)","one_change","אם היית יכול/ה לשנות הרגל תזונתי אחד בלבד שישפר את בריאותך, מה הוא היה?","If you could change one nutritional habit, what would it be?"
136,"תסמונות זאנג-פו","Zang Fu Syndromes","kidney_yang_etiology","מהי האטיולוגיה המרכזית לחוסר יאנג בכליות?","What is the main etiology of Kidney Yang Deficiency?"
137,"תסמונות זאנג-פו","Zang Fu Syndromes","spleen_qi_vs_yang","אילו סימפטומים מבדילים בין חוסר צ'י בטחול לבין חוסר יאנג בטחול?","What symptoms differentiate Spleen Qi Deficiency from Spleen Yang Deficiency?"
138,"תסמונות זאנג-פו","Zang Fu Syndromes","liver_qi_fire","מהו עקרון הטיפול המדויק לסטגנציה של צ'י הכבד שהפכה לאש?","What is the treatment principle for Liver Qi Stagnation transformed into Fire?"
139,"תסמונות זאנג-פו","Zang Fu Syndromes","tinnitus_pattern","האם טיניטוס המופיע בקובץ שייך לסינדרום עודף או חוסר?","Does tinnitus belong to an Excess or Deficiency syndrome?"
140,"תסמונות זאנג-פו","Zang Fu Syndromes","heart_blood_sleep","מה הקשר בין ""חוסר דם בלב"" לבין הפרעות שינה?","What is the connection between Heart Blood Deficiency and sleep disorders?"
141,"תסמונות זאנג-פו","Zang Fu Syndromes","damp_heat_lower","כיצד מתבטא ""חום ולחות במחמם התחתון"" אצל גברים לעומת נשים?","How does Damp-Heat in Lower Jiao manifest in men vs women?"
142,"תסמונות זאנג-פו","Zang Fu Syndromes","liver_wind_signs","מנה שלושה סימני מפתח לזיהוי ""רוח פנימית של הכבד"".","List three key signs for identifying Internal Liver Wind."
143,"תסמונות זאנג-פו","Zang Fu Syndromes","phlegm_mist_vs_fire","מה ההבדל באבחנה בין ליחה-אל-חומרית לבין ליחה-אש בלב?","What is the diagnostic difference between Phlegm-Mist and Phlegm-Fire in Heart?"
144,"תסמונות זאנג-פו","Zang Fu Syndromes","worry_organs","כיצד משפיע רגש ה""דאגה"" על הטחול והריאות?","How does Worry affect the Spleen and Lungs?"
145,"תסמונות זאנג-פו","Zang Fu Syndromes","sp_not_holding_blood","מהם הסימפטומים של ""טחול אינו שולט בדם""?","What are symptoms of ""Spleen Not Controlling Blood""?"
146,"תסמונות זאנג-פו","Zang Fu Syndromes","lu_yin_def_vs_dryness","מה ההבדל בין חוסר יין בריאות לבין יובש בריאות?","What is the difference between Lung Yin Deficiency and Lung Dryness?"
147,"תסמונות זאנג-פו","Zang Fu Syndromes","kid_yin_yang_relation","מהו הקשר בין חוסר יין בכליות לחוסר יאנג בכליות?","What is the relationship between Kidney Yin and Yang Deficiency?"
148,"תסמונות זאנג-פו","Zang Fu Syndromes","bl_stasis_signs","מהם הסימנים הקלאסיים של סטגנציית דם?","What are classic signs of Blood Stasis?"
149,"תסמונות זאנג-פו","Zang Fu Syndromes","cold_in_uterus","כיצד מתבטא ""קור ברחם"" ומה הנקודות המרכזיות לטיפול?","How does Cold in Uterus manifest and what are key treatment points?"
150,"תסמונות זאנג-פו","Zang Fu Syndromes","shen_disturbance","מהם הסימנים של הפרעה ב-Shen וכיצד מאבחנים את הדפוס?","What are signs of Shen disturbance and how to diagnose the pattern?"
151,"נקודות דיקור","Acupuncture Points","1","מהם המאפיינים המיוחדים של נקודות Yuan (מקור)?","What are special characteristics of Yuan (Source) points?"
152,"נקודות דיקור","Acupuncture Points","2","כיצד משתמשים בנקודות Luo (מחברות)?","How to use Luo (Connecting) points?"
153,"נקודות דיקור","Acupuncture Points","3","מהו תפקיד נקודות Xi-Cleft?","What is the function of Xi-Cleft points?"
154,"נקודות דיקור","Acupuncture Points","4","כיצד נקודות Shu (גב) משמשות לאבחון וטיפול?","How are Back Shu points used for diagnosis and treatment?"
155,"נקודות דיקור","Acupuncture Points","5","מהן נקודות Mu (קדמיות) וכיצד משתמשים בהן?","What are Front Mu points and how to use them?"
156,"נקודות דיקור","Acupuncture Points","6","מהם עקרונות בחירת הנקודות המרוחקות?","What are principles for choosing distal points?"
157,"נקודות דיקור","Acupuncture Points","7","כיצד משלבים נקודות מקומיות עם נקודות מרוחקות?","How to combine local with distal points?"
158,"נקודות דיקור","Acupuncture Points","8","מהן נקודות Hui (השפעה) ולמה הן משמשות?","What are Hui (Influential) points and what are they used for?"
159,"נקודות דיקור","Acupuncture Points","9","כיצד נקודות Jing-Well משמשות במצבי חירום?","How are Jing-Well points used in emergencies?"
160,"נקודות דיקור","Acupuncture Points","10","מהו הקשר בין נקודות Five Elements לטיפול?","What is the relationship between Five Element points and treatment?"
161,"נקודות דיקור","Acupuncture Points","11","כיצד בוחרים נקודות לפי שעון האיברים?","How to choose points according to organ clock?"
162,"נקודות דיקור","Acupuncture Points","12","מהן נקודות Windows of Heaven?","What are Windows of Heaven points?"
163,"נקודות דיקור","Acupuncture Points","13","כיצד נקודות Shen משפיעות על הרוח?","How do Shen points affect the spirit?"
164,"נקודות דיקור","Acupuncture Points","14","מהן הנקודות לטיפול בדם?","What are points for treating Blood?"
165,"נקודות דיקור","Acupuncture Points","15","כיצד משתמשים בנקודות לפי עונות השנה?","How to use points according to seasons?"
166,"ארבע הבדיקות","Four Examinations","1","מהם ארבעת שלבי הבדיקה ברפואה הסינית?","What are the four examination stages in Chinese Medicine?"
167,"ארבע הבדיקות","Four Examinations","2","כיצד מפרשים את גוון הפנים?","How to interpret facial complexion?"
168,"ארבע הבדיקות","Four Examinations","3","מהם הסימנים החזותיים של חוסר דם?","What are visual signs of Blood deficiency?"
169,"ארבע הבדיקות","Four Examinations","4","כיצד מאבחנים לפי הקול?","How to diagnose by voice?"
170,"ארבע הבדיקות","Four Examinations","5","מהי החשיבות של ריח הגוף באבחון?","What is the importance of body odor in diagnosis?"
171,"ארבע הבדיקות","Four Examinations","6","כיצד שואלים על שינה באנמנזה?","How to ask about sleep in patient history?"
172,"ארבע הבדיקות","Four Examinations","7","מהם שאלות המפתח על העיכול?","What are key questions about digestion?"
173,"ארבע הבדיקות","Four Examinations","8","כיצד מפרשים העדפות טמפרטורה?","How to interpret temperature preferences?"
174,"ארבע הבדיקות","Four Examinations","9","מהי החשיבות של שאלות על צמא ושתייה?","What is importance of questions about thirst and drinking?"
175,"ארבע הבדיקות","Four Examinations","10","כיצד מאבחנים לפי מישוש הבטן?","How to diagnose by abdominal palpation?"
176,"ארבע הבדיקות","Four Examinations","11","מהם הסימנים של חום לעומת קור?","What are signs of Heat versus Cold?"
177,"ארבע הבדיקות","Four Examinations","12","כיצד מזהים דפוסי עודף לעומת חוסר?","How to identify Excess versus Deficiency patterns?"
178,"ארבע הבדיקות","Four Examinations","13","מהי החשיבות של שאלות על הזעה?","What is importance of questions about sweating?"
179,"ארבע הבדיקות","Four Examinations","14","כיצד מפרשים כאבים ותחושות?","How to interpret pain and sensations?"
180,"ארבע הבדיקות","Four Examinations","15","מהם הסימנים של לחות בגוף?","What are signs of Dampness in the body?"
181,"בריאות האישה","Women's Health","1","כיצד מאבחנים דפוסי אי-פוריות ב-TCM?","How to diagnose infertility patterns in TCM?"
182,"בריאות האישה","Women's Health","2","מהו הטיפול בכאבי מחזור (דיסמנוריאה)?","What is treatment for menstrual pain (dysmenorrhea)?"
183,"בריאות האישה","Women's Health","3","כיצד מטפלים ב-PMS?","How to treat PMS?"
184,"בריאות האישה","Women's Health","4","מהם הדפוסים השכיחים בהפסקת מחזור?","What are common patterns in amenorrhea?"
185,"בריאות האישה","Women's Health","5","כיצד מטפלים בדימום רב במחזור (מנורגיה)?","How to treat heavy menstrual bleeding (menorrhagia)?"
186,"בריאות האישה","Women's Health","6","מהם הנקודות החשובות לפוריות?","What are important points for fertility?"
187,"בריאות האישה","Women's Health","7","כיצד מטפלים בציסטות שחלתיות?","How to treat ovarian cysts?"
188,"בריאות האישה","Women's Health","8","מהו הטיפול באנדומטריוזיס?","What is treatment for endometriosis?"
189,"בריאות האישה","Women's Health","9","כיצד מלווים הריון בטיפול?","How to support pregnancy with treatment?"
190,"בריאות האישה","Women's Health","10","מהם הנקודות האסורות בהריון?","What are forbidden points during pregnancy?"
191,"בריאות האישה","Women's Health","11","כיצד מטפלים בבחילות הריון?","How to treat pregnancy nausea?"
192,"בריאות האישה","Women's Health","12","מהו הטיפול בתסמונת המעבר (מנופאוזה)?","What is treatment for menopause syndrome?"
193,"בריאות האישה","Women's Health","13","כיצד מטפלים בגלי חום?","How to treat hot flashes?"
194,"בריאות האישה","Women's Health","14","מהי חשיבות הדם והכבד לבריאות האישה?","What is importance of Blood and Liver for women's health?"
195,"בריאות האישה","Women's Health","15","כיצד מטפלים במסה בשד לפי TCM?","How to treat breast masses according to TCM?"
196,"רפואה סינית לילדים","Pediatric TCM","1","מהם המאפיינים הייחודיים של פיזיולוגיית הילד ב-TCM?","What are unique characteristics of child physiology in TCM?"
197,"רפואה סינית לילדים","Pediatric TCM","2","כיצד מאבחנים ילדים שלא יכולים לתאר תסמינים?","How to diagnose children who cannot describe symptoms?"
198,"רפואה סינית לילדים","Pediatric TCM","3","מהו הטיפול בשיעול כרוני אצל ילדים?","What is the treatment for chronic cough in children?"
199,"רפואה סינית לילדים","Pediatric TCM","4","כיצד מטפלים בבעיות עיכול שכיחות בילדות?","How to treat common digestive issues in childhood?"
200,"רפואה סינית לילדים","Pediatric TCM","5","מהם הסימנים של חום מזון אצל תינוקות?","What are signs of Food Heat in infants?"
201,"רפואה סינית לילדים","Pediatric TCM","6","כיצד Tuina (עיסוי סיני) מתאים לילדים?","How is Tuina adapted for children?"
202,"רפואה סינית לילדים","Pediatric TCM","7","מהו הטיפול בהרטבת לילה (Enuresis)?","What is the treatment for bedwetting (Enuresis)?"
203,"רפואה סינית לילדים","Pediatric TCM","8","כיצד מחזקים את החסינות של ילדים שחולים תכופות?","How to strengthen immunity of frequently ill children?"
204,"רפואה סינית לילדים","Pediatric TCM","9","מהם הנקודות הבטוחות לדיקור בילדים?","What are safe acupuncture points for children?"
205,"רפואה סינית לילדים","Pediatric TCM","10","כיצד מטפלים באלרגיות עונתיות אצל ילדים?","How to treat seasonal allergies in children?"
206,"רפואה סינית לילדים","Pediatric TCM","11","מהו הטיפול בהפרעות קשב וריכוז (ADHD)?","What is the treatment for ADHD?"
207,"רפואה סינית לילדים","Pediatric TCM","12","כיצד מזהים חולשת טחול אצל ילדים?","How to identify Spleen weakness in children?"
208,"רפואה סינית לילדים","Pediatric TCM","13","מהם המזונות המומלצים לחיזוק ילדים?","What foods are recommended for strengthening children?"
209,"רפואה סינית לילדים","Pediatric TCM","14","כיצד מטפלים בחרדה ופחדים בילדות?","How to treat anxiety and fears in childhood?"
210,"רפואה סינית לילדים","Pediatric TCM","15","מהי גישת TCM לבעיות שינה אצל ילדים?","What is TCM approach to sleep problems in children?"
211,"רפואה סינית לקשישים","Geriatric TCM","1","מהם השינויים הפיזיולוגיים העיקריים בהזדקנות לפי TCM?","What are main physiological changes in aging according to TCM?"
212,"רפואה סינית לקשישים","Geriatric TCM","2","כיצד מטפלים בדמנציה ואובדן זיכרון?","How to treat dementia and memory loss?"
213,"רפואה סינית לקשישים","Geriatric TCM","3","מהו הטיפול באוסטאופורוזיס מנקודת מבט TCM?","What is the TCM approach to osteoporosis?"
214,"רפואה סינית לקשישים","Geriatric TCM","4","כיצד מחזקים את הכליות לאריכות ימים?","How to strengthen Kidneys for longevity?"
215,"רפואה סינית לקשישים","Geriatric TCM","5","מהם הסימנים של דלדול ה-Jing וכיצד מאטים אותו?","What are signs of Jing depletion and how to slow it?"
216,"רפואה סינית לקשישים","Geriatric TCM","6","כיצד מטפלים בנוקשות מפרקים בגיל מבוגר?","How to treat joint stiffness in old age?"
217,"רפואה סינית לקשישים","Geriatric TCM","7","מהו הטיפול בעצירות כרונית אצל קשישים?","What is the treatment for chronic constipation in elderly?"
218,"רפואה סינית לקשישים","Geriatric TCM","8","כיצד מאזנים טיפול בתרופות מרובות (פוליפארמקולוגיה)?","How to balance treatment with polypharmacy?"
219,"רפואה סינית לקשישים","Geriatric TCM","9","מהם הנקודות החשובות לשיפור הזרימה הדמית?","What are important points for improving blood flow?"
220,"רפואה סינית לקשישים","Geriatric TCM","10","כיצד מטפלים בסחרחורת וחוסר יציבות?","How to treat dizziness and instability?"
221,"רפואה סינית לקשישים","Geriatric TCM","11","מהו הטיפול בבעיות שתן שכיחות בגיל מבוגר?","What is treatment for common urinary issues in elderly?"
222,"רפואה סינית לקשישים","Geriatric TCM","12","כיצד משמרים את כוח הראייה והשמיעה?","How to preserve vision and hearing strength?"
223,"רפואה סינית לקשישים","Geriatric TCM","13","מהם המזונות התומכים בבריאות הקשיש?","What foods support elderly health?"
224,"רפואה סינית לקשישים","Geriatric TCM","14","כיצד מטפלים בדיכאון וחרדה בגיל מבוגר?","How to treat depression and anxiety in old age?"
225,"רפואה סינית לקשישים","Geriatric TCM","15","מהי גישת TCM למניעת נפילות?","What is TCM approach to fall prevention?"
226,"בריאות רגשית","Emotional Health","1","מהם שבעת הרגשות ברפואה הסינית וכיצד הם משפיעים על האיברים?","What are the Seven Emotions and how do they affect organs?"
227,"בריאות רגשית","Emotional Health","2","כיצד כעס ותסכול פוגעים בכבד?","How do anger and frustration damage the Liver?"
228,"בריאות רגשית","Emotional Health","3","מהו הטיפול בחרדה כרונית מנקודת מבט TCM?","What is TCM treatment for chronic anxiety?"
229,"בריאות רגשית","Emotional Health","4","כיצד אבל וצער משפיעים על הריאות?","How do grief and sadness affect the Lungs?"
230,"בריאות רגשית","Emotional Health","5","מהי הגישה לטיפול בדיכאון ב-TCM?","What is the TCM approach to treating depression?"
231,"בריאות רגשית","Emotional Health","6","כיצד פחד משפיע על הכליות ועל אנרגיית הגוף?","How does fear affect Kidneys and body energy?"
232,"בריאות רגשית","Emotional Health","7","מהם הנקודות להרגעת הנפש (Shen)?","What are points for calming the Shen?"
233,"בריאות רגשית","Emotional Health","8","כיצד מטפלים בנדודי שינה מרקע רגשי?","How to treat insomnia from emotional background?"
234,"בריאות רגשית","Emotional Health","9","מהו הקשר בין דאגה יתרה לבעיות עיכול?","What is the connection between worry and digestion?"
235,"בריאות רגשית","Emotional Health","10","כיצד טראומה רגשית נשמרת בגוף לפי TCM?","How is emotional trauma stored in the body according to TCM?"
236,"בריאות רגשית","Emotional Health","11","מהו הטיפול בהתקפי פאניקה?","What is the treatment for panic attacks?"
237,"בריאות רגשית","Emotional Health","12","כיצד שמחה יתרה יכולה לפגוע בלב?","How can excessive joy damage the Heart?"
238,"בריאות רגשית","Emotional Health","13","מהם הנקודות לשחרור רגשות כבושים?","What are points for releasing suppressed emotions?"
239,"בריאות רגשית","Emotional Health","14","כיצד מאזנים בין עבודה רגשית לטיפול פיזי?","How to balance emotional work with physical treatment?"
240,"בריאות רגשית","Emotional Health","15","מהי חשיבות ה-Hun וה-Po לבריאות רגשית?","What is the importance of Hun and Po for emotional health?"
241,"הפרעות שינה","Sleep Disorders","1","מהי הפתופיזיולוגיה של נדודי שינה ב-TCM?","What is the pathophysiology of insomnia in TCM?"
242,"הפרעות שינה","Sleep Disorders","2","כיצד מבחינים בין סוגי נדודי שינה שונים?","How to distinguish between different types of insomnia?"
243,"הפרעות שינה","Sleep Disorders","3","מהו הטיפול בקושי להירדם לעומת התעוררויות ליליות?","What is treatment for difficulty falling vs staying asleep?"
244,"הפרעות שינה","Sleep Disorders","4","כיצד חוסר דם בלב משפיע על השינה?","How does Heart Blood deficiency affect sleep?"
245,"הפרעות שינה","Sleep Disorders","5","מהם הסימנים של אש בלב הגורמת לנדודי שינה?","What are signs of Heart Fire causing insomnia?"
246,"הפרעות שינה","Sleep Disorders","6","כיצד מטפלים בחלומות מטרידים וסיוטים?","How to treat disturbing dreams and nightmares?"
247,"הפרעות שינה","Sleep Disorders","7","מהן הנקודות היעילות ביותר לשיפור איכות השינה?","What are the most effective points for improving sleep quality?"
248,"הפרעות שינה","Sleep Disorders","8","כיצד דאגה יתרה פוגעת בשינה?","How does excessive worry affect sleep?"
249,"הפרעות שינה","Sleep Disorders","9","מהו הטיפול בעייפות כרונית למרות שינה ארוכה?","What is treatment for chronic fatigue despite long sleep?"
250,"הפרעות שינה","Sleep Disorders","10","כיצד מטפלים בדום נשימה בשינה (Sleep Apnea)?","How to treat Sleep Apnea?"
251,"הפרעות שינה","Sleep Disorders","11","מהי חשיבות שעות השינה לפי שעון האיברים?","What is the importance of sleep hours according to organ clock?"
252,"הפרעות שינה","Sleep Disorders","12","כיצד התזונה משפיעה על איכות השינה?","How does diet affect sleep quality?"
253,"הפרעות שינה","Sleep Disorders","13","מהם הצמחים המסייעים לשינה ב-TCM?","What herbs help with sleep in TCM?"
254,"הפרעות שינה","Sleep Disorders","14","כיצד מטפלים בהתעוררות בשעה קבועה כל לילה?","How to treat waking at the same time every night?"
255,"הפרעות שינה","Sleep Disorders","15","מהי הגישה לטיפול בג'ט לאג מנקודת מבט TCM?","What is TCM approach to treating jet lag?"
256,"בריאות מערכת העיכול","Digestive Health","1","מהו תפקיד הטחול ב""טרנספורמציה וטרנספורט""?","What is the Spleen's role in Transformation and Transportation?"
257,"בריאות מערכת העיכול","Digestive Health","2","כיצד מאבחנים חולשת טחול?","How to diagnose Spleen weakness?"
258,"בריאות מערכת העיכול","Digestive Health","3","מהו הטיפול בנפיחות וגזים כרוניים?","What is the treatment for chronic bloating and gas?"
259,"בריאות מערכת העיכול","Digestive Health","4","כיצד מטפלים ב-IBS (תסמונת המעי הרגיז)?","How to treat IBS (Irritable Bowel Syndrome)?"
260,"בריאות מערכת העיכול","Digestive Health","5","מהם הסימנים של לחות בטחול?","What are signs of Dampness in Spleen?"
261,"בריאות מערכת העיכול","Digestive Health","6","כיצד סטגנציה של צ'י הכבד משפיעה על העיכול?","How does Liver Qi stagnation affect digestion?"
262,"בריאות מערכת העיכול","Digestive Health","7","מהו הטיפול בצרבת וריפלוקס חומצי?","What is treatment for heartburn and acid reflux?"
263,"בריאות מערכת העיכול","Digestive Health","8","כיצד מטפלים בעצירות כרונית לפי הדפוס?","How to treat chronic constipation according to pattern?"
264,"בריאות מערכת העיכול","Digestive Health","9","מהם הסימנים של חום בקיבה?","What are signs of Stomach Heat?"
265,"בריאות מערכת העיכול","Digestive Health","10","כיצד מטפלים בשלשולים חוזרים?","How to treat recurrent diarrhea?"
266,"בריאות מערכת העיכול","Digestive Health","11","מהי חשיבות ארוחת הבוקר לפי TCM?","What is the importance of breakfast according to TCM?"
267,"בריאות מערכת העיכול","Digestive Health","12","כיצד מזונות קרים ונאים פוגעים בעיכול?","How do cold and raw foods harm digestion?"
268,"בריאות מערכת העיכול","Digestive Health","13","מהם הנקודות החשובות לחיזוק הטחול?","What are important points for strengthening Spleen?"
269,"בריאות מערכת העיכול","Digestive Health","14","כיצד מטפלים בחוסר תיאבון?","How to treat lack of appetite?"
270,"בריאות מערכת העיכול","Digestive Health","15","מהי הגישה לטיפול במחלות מעי דלקתיות?","What is the approach to treating inflammatory bowel diseases?"
271,"בריאות מערכת הנשימה","Respiratory Health","1","מהם תפקידי הריאות ב-TCM מעבר לנשימה?","What are Lung functions in TCM beyond breathing?"
272,"בריאות מערכת הנשימה","Respiratory Health","2","כיצד מטפלים בשיעול יבש לעומת שיעול עם ליחה?","How to treat dry cough vs productive cough?"
273,"בריאות מערכת הנשימה","Respiratory Health","3","מהו הטיפול באסתמה מנקודת מבט TCM?","What is TCM treatment for asthma?"
274,"בריאות מערכת הנשימה","Respiratory Health","4","כיצד מטפלים בסינוסיטיס כרוני?","How to treat chronic sinusitis?"
275,"בריאות מערכת הנשימה","Respiratory Health","5","מהם הסימנים של חוסר יין בריאות?","What are signs of Lung Yin deficiency?"
276,"בריאות מערכת הנשימה","Respiratory Health","6","כיצד ליחה בריאות משפיעה על הנשימה?","How does Phlegm in Lungs affect breathing?"
277,"בריאות מערכת הנשימה","Respiratory Health","7","מהו הטיפול באלרגיות עונתיות?","What is treatment for seasonal allergies?"
278,"בריאות מערכת הנשימה","Respiratory Health","8","כיצד מחזקים את Wei Qi למניעת הצטננויות?","How to strengthen Wei Qi to prevent colds?"
279,"בריאות מערכת הנשימה","Respiratory Health","9","מהם הנקודות היעילות לפתיחת דרכי הנשימה?","What are effective points for opening airways?"
280,"בריאות מערכת הנשימה","Respiratory Health","10","כיצד מטפלים בקוצר נשימה?","How to treat shortness of breath?"
281,"בריאות מערכת הנשימה","Respiratory Health","11","מהו הקשר בין הריאות לעור?","What is the connection between Lungs and skin?"
282,"בריאות מערכת הנשימה","Respiratory Health","12","כיצד מטפלים בשיעול כרוני לאחר הצטננות?","How to treat chronic cough after a cold?"
283,"בריאות מערכת הנשימה","Respiratory Health","13","מהי חשיבות לחות הריאות?","What is the importance of Lung moisture?"
284,"בריאות מערכת הנשימה","Respiratory Health","14","כיצד עשן ואוויר מזוהם פוגעים בריאות?","How do smoke and pollution damage the Lungs?"
285,"בריאות מערכת הנשימה","Respiratory Health","15","מהם הצמחים המחזקים את הריאות?","What herbs strengthen the Lungs?"
286,"מערכת השלד והשרירים","Musculoskeletal System","1","מהי הגישה של TCM לכאבי גב תחתון?","What is TCM approach to lower back pain?"
287,"מערכת השלד והשרירים","Musculoskeletal System","2","כיצד מבחינים בין כאב מעודף לכאב מחוסר?","How to differentiate Excess pain from Deficiency pain?"
288,"מערכת השלד והשרירים","Musculoskeletal System","3","מהו הטיפול בדלקת מפרקים (ארתריטיס)?","What is treatment for arthritis?"
289,"מערכת השלד והשרירים","Musculoskeletal System","4","כיצד מטפלים בפריצת דיסק?","How to treat herniated disc?"
290,"מערכת השלד והשרירים","Musculoskeletal System","5","מהם הסימנים של Bi Syndrome (סינדרום החסימה)?","What are signs of Bi Syndrome?"
291,"מערכת השלד והשרירים","Musculoskeletal System","6","כיצד מטפלים בכאבי צוואר וכתפיים תפוסות?","How to treat neck pain and frozen shoulder?"
292,"מערכת השלד והשרירים","Musculoskeletal System","7","מהו תפקיד הכליות בבריאות העצמות?","What is the Kidney's role in bone health?"
293,"מערכת השלד והשרירים","Musculoskeletal System","8","כיצד מטפלים בפציעות ספורט?","How to treat sports injuries?"
294,"מערכת השלד והשרירים","Musculoskeletal System","9","מהם הנקודות היעילות לכאבי ברכיים?","What are effective points for knee pain?"
295,"מערכת השלד והשרירים","Musculoskeletal System","10","כיצד מטפלים בתעלת שורש כף היד (Carpal Tunnel)?","How to treat Carpal Tunnel Syndrome?"
296,"מערכת השלד והשרירים","Musculoskeletal System","11","מהו הטיפול בפיברומיאלגיה?","What is treatment for fibromyalgia?"
297,"מערכת השלד והשרירים","Musculoskeletal System","12","כיצד דם וצ'י משפיעים על תפקוד השרירים?","How do Blood and Qi affect muscle function?"
298,"מערכת השלד והשרירים","Musculoskeletal System","13","מהם הסימנים של רוח-לחות במפרקים?","What are signs of Wind-Damp in joints?"
299,"מערכת השלד והשרירים","Musculoskeletal System","14","כיצד מטפלים בגיד אכילס דלקתי?","How to treat Achilles tendinitis?"
300,"מערכת השלד והשרירים","Musculoskeletal System","15","מהי חשיבות התנועה לבריאות הגידים והשרירים?","What is the importance of movement for tendon health?"
301,"כאבי ראש ומיגרנות","Headaches & Migraines","1","כיצד מסווגים כאבי ראש לפי מיקום ב-TCM?","How are headaches classified by location in TCM?"
302,"כאבי ראש ומיגרנות","Headaches & Migraines","2","מהו הטיפול בכאב ראש מעליית יאנג הכבד?","What is treatment for Liver Yang Rising headache?"
303,"כאבי ראש ומיגרנות","Headaches & Migraines","3","כיצד מבחינים בין מיגרנה לכאב ראש מתח?","How to distinguish migraine from tension headache?"
304,"כאבי ראש ומיגרנות","Headaches & Migraines","4","מהם הסימנים של כאב ראש מחוסר דם?","What are signs of Blood Deficiency headache?"
305,"כאבי ראש ומיגרנות","Headaches & Migraines","5","כיצד מטפלים בכאב ראש מליחה?","How to treat Phlegm headache?"
306,"כאבי ראש ומיגרנות","Headaches & Migraines","6","מהו הטיפול בכאב ראש קדמי (מצח)?","What is treatment for frontal headache?"
307,"כאבי ראש ומיגרנות","Headaches & Migraines","7","כיצד מטפלים בכאב ראש צדי (רקות)?","How to treat temporal headache?"
308,"כאבי ראש ומיגרנות","Headaches & Migraines","8","מהם הנקודות העיקריות לכאבי ראש?","What are main points for headaches?"
309,"כאבי ראש ומיגרנות","Headaches & Migraines","9","כיצד סטגנציה של דם גורמת לכאב ראש כרוני?","How does Blood stasis cause chronic headache?"
310,"כאבי ראש ומיגרנות","Headaches & Migraines","10","מהו הקשר בין הורמונים לכאבי ראש?","What is the connection between hormones and headaches?"
311,"כאבי ראש ומיגרנות","Headaches & Migraines","11","כיצד מטפלים בכאב ראש המחמיר עם מזג אוויר?","How to treat headache that worsens with weather?"
312,"כאבי ראש ומיגרנות","Headaches & Migraines","12","מהי חשיבות הטיפול בין התקפים למניעה?","What is importance of between-attack treatment for prevention?"
313,"כאבי ראש ומיגרנות","Headaches & Migraines","13","כיצד מזון ושתייה משפיעים על כאבי ראש?","How do food and drink affect headaches?"
314,"כאבי ראש ומיגרנות","Headaches & Migraines","14","מהו הטיפול בכאב ראש עורפי?","What is treatment for occipital headache?"
315,"כאבי ראש ומיגרנות","Headaches & Migraines","15","כיצד מטפלים במיגרנה עם אאורה?","How to treat migraine with aura?"
316,"מחלות עור","Skin Disorders","1","מהו הקשר בין הריאות לבריאות העור ב-TCM?","What is the connection between Lungs and skin in TCM?"
317,"מחלות עור","Skin Disorders","2","כיצד מטפלים באקזמה (אטופיק דרמטיטיס)?","How to treat eczema (atopic dermatitis)?"
318,"מחלות עור","Skin Disorders","3","מהו הטיפול בפסוריאזיס?","What is treatment for psoriasis?"
319,"מחלות עור","Skin Disorders","4","כיצד מאבחנים דפוסים שונים של אקנה?","How to diagnose different acne patterns?"
320,"מחלות עור","Skin Disorders","5","מהם הסימנים של חום בדם הגורם לפריחות?","What are signs of Blood Heat causing rashes?"
321,"מחלות עור","Skin Disorders","6","כיצד לחות ורעילות משפיעים על העור?","How do Dampness and toxins affect skin?"
322,"מחלות עור","Skin Disorders","7","מהו הטיפול באורטיקריה (סרפדת)?","What is treatment for urticaria (hives)?"
323,"מחלות עור","Skin Disorders","8","כיצד מטפלים בשלבקת חוגרת (Shingles)?","How to treat Shingles?"
324,"מחלות עור","Skin Disorders","9","מהם הנקודות היעילות לטיפול בגרד?","What are effective points for treating itching?"
325,"מחלות עור","Skin Disorders","10","כיצד חוסר דם מתבטא בעור?","How does Blood deficiency manifest in skin?"
326,"מחלות עור","Skin Disorders","11","מהו הטיפול ברוזציאה?","What is treatment for rosacea?"
327,"מחלות עור","Skin Disorders","12","כיצד מטפלים בוויטיליגו?","How to treat vitiligo?"
328,"מחלות עור","Skin Disorders","13","מהי חשיבות התזונה לבריאות העור?","What is importance of diet for skin health?"
329,"מחלות עור","Skin Disorders","14","כיצד רגשות משפיעים על מצב העור?","How do emotions affect skin condition?"
330,"מחלות עור","Skin Disorders","15","מהם הצמחים המטפלים בבעיות עור?","What herbs treat skin problems?"
331,"מערכת הלב וכלי הדם","Cardiovascular System","1","מהם תפקידי הלב ב-TCM מעבר לשאיבת דם?","What are Heart functions in TCM beyond pumping blood?"
332,"מערכת הלב וכלי הדם","Cardiovascular System","2","כיצד מטפלים ביתר לחץ דם?","How to treat hypertension?"
333,"מערכת הלב וכלי הדם","Cardiovascular System","3","מהו הטיפול בהפרעות קצב לב?","What is treatment for heart arrhythmias?"
334,"מערכת הלב וכלי הדם","Cardiovascular System","4","כיצד סטגנציה של דם משפיעה על הלב?","How does Blood stasis affect the Heart?"
335,"מערכת הלב וכלי הדם","Cardiovascular System","5","מהם הסימנים של חוסר דם בלב?","What are signs of Heart Blood deficiency?"
336,"מערכת הלב וכלי הדם","Cardiovascular System","6","כיצד מטפלים בחרדה עם דפיקות לב?","How to treat anxiety with palpitations?"
337,"מערכת הלב וכלי הדם","Cardiovascular System","7","מהו הקשר בין הלב לכליות (ציר לב-כליות)?","What is Heart-Kidney axis connection?"
338,"מערכת הלב וכלי הדם","Cardiovascular System","8","כיצד ליחה חוסמת את פתחי הלב?","How does Phlegm block Heart orifices?"
339,"מערכת הלב וכלי הדם","Cardiovascular System","9","מהם הנקודות החשובות לבריאות הלב?","What are important points for heart health?"
340,"מערכת הלב וכלי הדם","Cardiovascular System","10","כיצד מטפלים בכאבים בחזה?","How to treat chest pain?"
341,"מערכת הלב וכלי הדם","Cardiovascular System","11","מהו הטיפול בדליות ובעיות ורידים?","What is treatment for varicose veins?"
342,"מערכת הלב וכלי הדם","Cardiovascular System","12","כיצד משפרים את זרימת הדם?","How to improve blood circulation?"
343,"מערכת הלב וכלי הדם","Cardiovascular System","13","מהי חשיבות השן (Shen) לבריאות הלב?","What is importance of Shen for heart health?"
344,"מערכת הלב וכלי הדם","Cardiovascular System","14","כיצד מונעים מחלות לב לפי TCM?","How to prevent heart disease according to TCM?"
345,"מערכת הלב וכלי הדם","Cardiovascular System","15","מהם הצמחים התומכים בבריאות הלב?","What herbs support heart health?"
346,"נוסחאות צמחים","Herbal Formulas","1","מהם העקרונות לבניית נוסחת צמחים?","What are principles for building an herbal formula?"
347,"נוסחאות צמחים","Herbal Formulas","2","מה תפקיד ה""מלך"" (Jun) בנוסחה?","What is the role of the Emperor (Jun) in a formula?"
348,"נוסחאות צמחים","Herbal Formulas","3","כיצד בוחרים צמחי ""שר"" (Chen)?","How to choose Minister (Chen) herbs?"
349,"נוסחאות צמחים","Herbal Formulas","4","מהו תפקיד צמחי ה""שליח"" (Shi)?","What is the function of Envoy (Shi) herbs?"
350,"נוסחאות צמחים","Herbal Formulas","5","כיצד משנים נוסחה קלאסית למטופל ספציפי?","How to modify a classic formula for a specific patient?"
351,"נוסחאות צמחים","Herbal Formulas","6","מהי נוסחת Si Jun Zi Tang ולמה היא משמשת?","What is Si Jun Zi Tang and what is it used for?"
352,"נוסחאות צמחים","Herbal Formulas","7","כיצד משתמשים ב-Xiao Yao San?","How is Xiao Yao San used?"
353,"נוסחאות צמחים","Herbal Formulas","8","מהי נוסחת Liu Wei Di Huang Wan?","What is Liu Wei Di Huang Wan?"
354,"נוסחאות צמחים","Herbal Formulas","9","כיצד מטפלים בצינון עם Ma Huang Tang?","How to treat cold with Ma Huang Tang?"
355,"נוסחאות צמחים","Herbal Formulas","10","מהי נוסחת Gui Pi Tang ומתי משתמשים בה?","What is Gui Pi Tang and when to use it?"
356,"נוסחאות צמחים","Herbal Formulas","11","כיצד מחליטים על מינון ותדירות נטילה?","How to decide dosage and frequency?"
357,"נוסחאות צמחים","Herbal Formulas","12","מהם הצמחים האסורים בהריון?","Which herbs are forbidden in pregnancy?"
358,"נוסחאות צמחים","Herbal Formulas","13","כיצד מתאימים נוסחאות לגילאים שונים?","How to adjust formulas for different ages?"
359,"נוסחאות צמחים","Herbal Formulas","14","מהן האינטראקציות החשובות בין צמחים לתרופות?","What are important herb-drug interactions?"
360,"נוסחאות צמחים","Herbal Formulas","15","כיצד מעריכים את איכות הצמחים?","How to evaluate herb quality?"
361,"מוקסה וכוסות רוח","Moxibustion & Cupping","1","מהם סוגי המוקסה השונים וכיצד בוחרים ביניהם?","What are different moxa types and how to choose?"
362,"מוקסה וכוסות רוח","Moxibustion & Cupping","2","מתי מועדפת מוקסה על דיקור?","When is moxa preferred over needling?"
363,"מוקסה וכוסות רוח","Moxibustion & Cupping","3","מהם הנקודות החשובות לטיפול במוקסה?","What are important points for moxa treatment?"
364,"מוקסה וכוסות רוח","Moxibustion & Cupping","4","כיצד מוקסה מחממת את הגוף ומגרשת קור?","How does moxa warm body and expel cold?"
365,"מוקסה וכוסות רוח","Moxibustion & Cupping","5","מהם ההתוויות הנגד למוקסה?","What are contraindications for moxa?"
366,"מוקסה וכוסות רוח","Moxibustion & Cupping","6","כיצד מבצעים טכניקת מוקסה ישירה?","How to perform direct moxa technique?"
367,"מוקסה וכוסות רוח","Moxibustion & Cupping","7","מהם סוגי כוסות הרוח השונים?","What are different cupping types?"
368,"מוקסה וכוסות רוח","Moxibustion & Cupping","8","כיצד מפרשים סימני כוסות רוח?","How to interpret cupping marks?"
369,"מוקסה וכוסות רוח","Moxibustion & Cupping","9","מתי משתמשים בכוסות רוח נעות?","When to use moving cupping?"
370,"מוקסה וכוסות רוח","Moxibustion & Cupping","10","מהם היתרונות של כוסות רוח לטיפול בכאב?","What are benefits of cupping for pain?"
371,"מוקסה וכוסות רוח","Moxibustion & Cupping","11","כיצד משלבים כוסות רוח עם דיקור?","How to combine cupping with acupuncture?"
372,"מוקסה וכוסות רוח","Moxibustion & Cupping","12","מהם ההתוויות הנגד לכוסות רוח?","What are contraindications for cupping?"
373,"מוקסה וכוסות רוח","Moxibustion & Cupping","13","כיצד מטפלים בצינון עם מוקסה?","How to treat cold with moxa?"
374,"מוקסה וכוסות רוח","Moxibustion & Cupping","14","מהי טכניקת ה-""סנדוויץ'"" במוקסה?","What is moxa sandwich technique?"
375,"מוקסה וכוסות רוח","Moxibustion & Cupping","15","כיצד מלמדים מטופלים לבצע מוקסה עצמית?","How to teach patients self-moxa?"
376,"כלי הדם המיוחדים","Extraordinary Vessels","1","מהם שמונת כלי הדם המיוחדים (Qi Jing Ba Mai)?","What are the Eight Extraordinary Vessels?"
377,"כלי הדם המיוחדים","Extraordinary Vessels","2","מה תפקיד ה-Du Mai (כלי השליט)?","What is the function of Du Mai (Governing Vessel)?"
378,"כלי הדם המיוחדים","Extraordinary Vessels","3","כיצד ה-Ren Mai (כלי התפיסה) משפיע על הפוריות?","How does Ren Mai affect fertility?"
379,"כלי הדם המיוחדים","Extraordinary Vessels","4","מהו הקשר בין Chong Mai לדם?","What is the connection between Chong Mai and Blood?"
380,"כלי הדם המיוחדים","Extraordinary Vessels","5","כיצד Dai Mai (כלי החגורה) קשור לבעיות במותניים?","How is Dai Mai related to waist problems?"
381,"כלי הדם המיוחדים","Extraordinary Vessels","6","מהם נקודות הפתיחה והסגירה של כל כלי מיוחד?","What are opening and closing points for each vessel?"
382,"כלי הדם המיוחדים","Extraordinary Vessels","7","כיצד משתמשים ב-Yang Wei Mai לבעיות חוץ?","How to use Yang Wei Mai for exterior issues?"
383,"כלי הדם המיוחדים","Extraordinary Vessels","8","מהו תפקיד Yin Wei Mai?","What is the role of Yin Wei Mai?"
384,"כלי הדם המיוחדים","Extraordinary Vessels","9","כיצד Yang Qiao Mai משפיע על השינה?","How does Yang Qiao Mai affect sleep?"
385,"כלי הדם המיוחדים","Extraordinary Vessels","10","מהו הקשר בין Yin Qiao Mai לעיניים?","What is Yin Qiao Mai connection to eyes?"
386,"כלי הדם המיוחדים","Extraordinary Vessels","11","כיצד משלבים כלים מיוחדים בטיפול?","How to integrate extraordinary vessels in treatment?"
387,"כלי הדם המיוחדים","Extraordinary Vessels","12","מהם הסימפטומים של חוסר איזון בכלים המיוחדים?","What are symptoms of extraordinary vessel imbalance?"
388,"כלי הדם המיוחדים","Extraordinary Vessels","13","כיצד מטפלים בבעיות הורמונליות דרך הכלים המיוחדים?","How to treat hormonal issues through extraordinary vessels?"
389,"כלי הדם המיוחדים","Extraordinary Vessels","14","מהי חשיבות הכלים המיוחדים בטיפול בטראומה?","What is importance of extraordinary vessels in trauma treatment?"
390,"כלי הדם המיוחדים","Extraordinary Vessels","15","כיצד הכלים המיוחדים קשורים לצ'אקרות?","How are extraordinary vessels related to chakras?"
391,"דיקור אוזן","Auricular Acupuncture","1","מהי מפת האוזן ואיך היא משקפת את הגוף?","What is the ear map and how does it reflect the body?"
392,"דיקור אוזן","Auricular Acupuncture","2","כיצד מאתרים נקודות רגישות באוזן?","How to locate sensitive points on the ear?"
393,"דיקור אוזן","Auricular Acupuncture","3","מהם הכלים לאבחון באמצעות האוזן?","What are tools for ear diagnosis?"
394,"דיקור אוזן","Auricular Acupuncture","4","כיצד דיקור אוזן מסייע בהפסקת עישון?","How does ear acupuncture help quit smoking?"
395,"דיקור אוזן","Auricular Acupuncture","5","מהי פרוטוקול NADA להתמכרויות?","What is NADA protocol for addictions?"
396,"דיקור אוזן","Auricular Acupuncture","6","כיצד מטפלים בכאב באמצעות דיקור אוזן?","How to treat pain with ear acupuncture?"
397,"דיקור אוזן","Auricular Acupuncture","7","מהם הנקודות החשובות להרגעת חרדה?","What are important points for calming anxiety?"
398,"דיקור אוזן","Auricular Acupuncture","8","כיצד משתמשים בזרעי אוזן (ear seeds)?","How to use ear seeds?"
399,"דיקור אוזן","Auricular Acupuncture","9","מהו הטיפול בנדודי שינה דרך האוזן?","What is ear treatment for insomnia?"
400,"דיקור אוזן","Auricular Acupuncture","10","כיצד מטפלים בבעיות עיכול באמצעות האוזן?","How to treat digestive issues through the ear?"
401,"דיקור אוזן","Auricular Acupuncture","11","מהם הנקודות לאיזון הורמונלי?","What are points for hormonal balance?"
402,"דיקור אוזן","Auricular Acupuncture","12","כיצד דיקור אוזן מסייע בהרזיה?","How does ear acupuncture help weight loss?"
403,"דיקור אוזן","Auricular Acupuncture","13","מהם ההתוויות הנגד לדיקור אוזן?","What are contraindications for ear acupuncture?"
404,"דיקור אוזן","Auricular Acupuncture","14","כיצד משלבים דיקור אוזן עם דיקור גוף?","How to combine ear with body acupuncture?"
405,"דיקור אוזן","Auricular Acupuncture","15","מהי נקודת ה-Shen Men ולמה היא חשובה?","What is Shen Men point and why is it important?"
406,"טיפול לפי עונות","Seasonal Treatment","1","כיצד עונת האביב משפיעה על הכבד?","How does Spring affect the Liver?"
407,"טיפול לפי עונות","Seasonal Treatment","2","מהו הטיפול המומלץ בקיץ לשמירה על הלב?","What is recommended summer treatment for Heart?"
408,"טיפול לפי עונות","Seasonal Treatment","3","כיצד מכינים את הגוף לסתיו?","How to prepare the body for autumn?"
409,"טיפול לפי עונות","Seasonal Treatment","4","מהי חשיבות שמירת האנרגיה בחורף?","What is importance of preserving energy in winter?"
410,"טיפול לפי עונות","Seasonal Treatment","5","כיצד התזונה משתנה לפי העונות?","How does diet change according to seasons?"
411,"טיפול לפי עונות","Seasonal Treatment","6","מהם הנקודות החשובות לכל עונה?","What are important points for each season?"
412,"טיפול לפי עונות","Seasonal Treatment","7","כיצד מטפלים באלרגיות עונתיות?","How to treat seasonal allergies?"
413,"טיפול לפי עונות","Seasonal Treatment","8","מהו הקשר בין ""עונה חמישית"" לטחול?","What is connection between Late Summer and Spleen?"
414,"טיפול לפי עונות","Seasonal Treatment","9","כיצד שעות השינה משתנות לפי העונה?","How do sleep hours change with seasons?"
415,"טיפול לפי עונות","Seasonal Treatment","10","מהם הסימנים של חוסר הסתגלות לעונה?","What are signs of poor seasonal adaptation?"
416,"טיפול לפי עונות","Seasonal Treatment","11","כיצד מונעים הצטננויות בתחילת הסתיו?","How to prevent colds at beginning of autumn?"
417,"טיפול לפי עונות","Seasonal Treatment","12","מהי חשיבות ""פתיחת האביב"" לכבד?","What is importance of Spring opening for Liver?"
418,"טיפול לפי עונות","Seasonal Treatment","13","כיצד מטפלים בדיכאון עונתי (SAD)?","How to treat Seasonal Affective Disorder?"
419,"טיפול לפי עונות","Seasonal Treatment","14","מהם הצמחים המתאימים לכל עונה?","What herbs are suitable for each season?"
420,"טיפול לפי עונות","Seasonal Treatment","15","כיצד פעילות גופנית משתנה לפי העונה?","How does physical activity change with season?"
421,"חמשת היסודות","Five Elements","1","מהם חמשת היסודות (Wu Xing) וכיצד הם קשורים לאיברים?","What are the Five Elements and how are they related to organs?"
422,"חמשת היסודות","Five Elements","2","כיצד מחזור השליטה והחיזוק פועלים?","How do Control and Generation cycles work?"
423,"חמשת היסודות","Five Elements","3","מהו הקשר בין יסוד העץ לכבד ולמרה?","What is the connection between Wood element and Liver/Gallbladder?"
424,"חמשת היסודות","Five Elements","4","כיצד יסוד האש משפיע על הלב והמעי הדק?","How does Fire element affect Heart and Small Intestine?"
425,"חמשת היסודות","Five Elements","5","מהי החשיבות של יסוד האדמה לעיכול?","What is importance of Earth element for digestion?"
426,"חמשת היסודות","Five Elements","6","כיצד יסוד המתכת קשור לריאות?","How is Metal element related to Lungs?"
427,"חמשת היסודות","Five Elements","7","מהו תפקיד יסוד המים לכליות?","What is the role of Water element for Kidneys?"
428,"חמשת היסודות","Five Elements","8","כיצד מאזנים יסוד חלש באמצעות יסוד אחר?","How to balance a weak element using another?"
429,"חמשת היסודות","Five Elements","9","מהם הסימנים של חוסר איזון ביסוד העץ?","What are signs of Wood element imbalance?"
430,"חמשת היסודות","Five Elements","10","כיצד רגשות קשורים לחמשת היסודות?","How are emotions related to Five Elements?"
431,"חמשת היסודות","Five Elements","11","מהו הקשר בין עונות השנה ליסודות?","What is the connection between seasons and elements?"
432,"חמשת היסודות","Five Elements","12","כיצד צבעים משקפים את היסודות?","How do colors reflect the elements?"
433,"חמשת היסודות","Five Elements","13","מהם הטעמים הקשורים לכל יסוד?","What flavors are associated with each element?"
434,"חמשת היסודות","Five Elements","14","כיצד משתמשים בחמשת היסודות בבחירת נקודות?","How to use Five Elements in point selection?"
435,"חמשת היסודות","Five Elements","15","מהי גישת חמשת היסודות לטיפול פסיכו-רגשי?","What is Five Elements approach to psycho-emotional treatment?"
436,"יין ויאנג","Yin & Yang","1","מהם העקרונות הבסיסיים של תורת הין-יאנג?","What are basic principles of Yin-Yang theory?"
437,"יין ויאנג","Yin & Yang","2","כיצד יין ויאנג מתקיימים יחד ובאיזון?","How do Yin and Yang coexist in balance?"
438,"יין ויאנג","Yin & Yang","3","מהם הסימנים של עודף יאנג?","What are signs of Yang excess?"
439,"יין ויאנג","Yin & Yang","4","כיצד מזהים חוסר יין?","How to identify Yin deficiency?"
440,"יין ויאנג","Yin & Yang","5","מהו הקשר בין יין-יאנג לזמנים ביום?","What is the relationship between Yin-Yang and times of day?"
441,"יין ויאנג","Yin & Yang","6","כיצד יין ויאנג מתבטאים בגוף?","How do Yin and Yang manifest in the body?"
442,"יין ויאנג","Yin & Yang","7","מהי חשיבות האיזון בין יין ליאנג?","What is importance of balance between Yin and Yang?"
443,"יין ויאנג","Yin & Yang","8","כיצד מטפלים בחוסר יאנג?","How to treat Yang deficiency?"
444,"יין ויאנג","Yin & Yang","9","מהם המזונות שמזינים יין או יאנג?","What foods nourish Yin or Yang?"
445,"יין ויאנג","Yin & Yang","10","כיצד יין-יאנג משפיעים על הרגשות?","How do Yin-Yang affect emotions?"
446,"יין ויאנג","Yin & Yang","11","מהו הקשר בין יין-יאנג למחלות כרוניות?","What is connection between Yin-Yang and chronic diseases?"
447,"יין ויאנג","Yin & Yang","12","כיצד מאבחנים דפוסי יין-יאנג?","How to diagnose Yin-Yang patterns?"
448,"יין ויאנג","Yin & Yang","13","מהם הנקודות לחיזוק יין?","What are points for strengthening Yin?"
449,"יין ויאנג","Yin & Yang","14","כיצד מגרשים קור (יין עודף)?","How to expel cold (excess Yin)?"
450,"יין ויאנג","Yin & Yang","15","מהי הגישה להחלפת יין ויאנג במחלות חמורות?","What is approach to Yin-Yang collapse in severe diseases?"
